firstname,lastname,email,password
d,1,d.1@gmail.com,sd
g,0,g.0@gmail.com,jj
g,0,g.0@gmail.com,jj
f,2,f.2@gmail.com,c
malya,1,malya.1@gmail.com,fs
dinda,nirmala,dinda.nirmala@gmail.com,coba123
dinda,dl,dinda.dl@gmail.com,777
h,1,h.1@gmail.com,cd
gg,h,gg.h@gmail.com,ff
adel,12,adel.12@gmail.com,cobaaa
z,2,z.2@gmail.com,cd
z,2,z.2@gmail.com,cd
z,2,z.2@gmail.com,cd
d,3,d.3@gmail.com,ff
f,7,f.7@gmail.com,ff
f,9,f.9@gmail.com,jj
f,9,f.9@gmail.com,jj
f,9,f.9@gmail.com,jj
f,9,f.9@gmail.com,jj
c,c,c.c@gmail.com,cc
wily,1,wily.1@gmail.com,cobacoba
adila,cantik,adila.cantik@gmail.com,adilakeren
d,c,d.c@gmail.com,dc
d,6,d.6@gmail.com,66
d,2,d.2@gmail.com,d2
dinda,alifia,dinda.alifia@gmail.com,cobadinda123
ka,mi,ka.mi@gmail.com,kami123
f,3,f.3@gmail.com,dddd
dinda,adel,dinda.adel@gmail.com,dindaadel
f,g,f.g@gmail.com,fg
amba,wir,amba.wir@gmail.com,amba123
wili,yan,wili.yan@gmail.com,wiliyan
wili,yan,wili.yan@gmail.com,wiliyan
wiliyan,sur,wiliyan.sur@gmail.com,wiliyan
wiliyan,sur,wiliyan.sur@gmail.com,wiliyan
wiliyan,sur,wiliyan.sur@gmail.com,wiliyan
wiliyan,surya,wiliyan.surya@gmail.com,wiliyan
wily,surya,wily.surya@gmail.com,coba123
user,123,user.123@gmail.com,coba123
